Workbook

Sheet Dashboard
A1: NCA ECC-2:2024 — Live Compliance Dashboard
A2: ⚡ All values update automatically when you change statuses in the Controls Tracker sheet
A4: OVERALL COMPLIANCE SUMMARY
A5: Total Controls | B5: Implemented | C5: In Progress | D5: Not Started | E5: Not Applicable | F5: Compliance %
A6: 108 | B6: =COUNTIF('Controls Tracker'!G3:G110,"Implemented") -> 0 | C6: =COUNTIF('Controls Tracker'!G3:G110,"In Progress") -> 0 | D6: =COUNTIF('Controls Tracker'!G3:G110,"Not Started") -> 108 | E6: =COUNTIF('Controls Tracker'!G3:G110,"Not Applicable") -> 0 | F6: =IF(A6=0,0,B6/A6) -> 0
A8: COMPLIANCE BY DOMAIN
A9: Domain | B9: Domain Name | C9: Total | D9: Implemented | E9: In Progress | F9: Not Started | G9: N/A | H9: Compliance % | I9: Gap %
A10: Domain 1 | B10: Cybersecurity Governance | C10: =COUNTIF('Controls Tracker'!B3:B110,"Cybersecurity Governance") -> 35 | D10: =COUNTIFS('Controls Tracker'!B3:B110,"Cybersecurity Governance",'Controls Tracker'!G3:G110,"Implemented") -> 0 | E10: =COUNTIFS('Controls Tracker'!B3:B110,"Cybersecurity Governance",'Controls Tracker'!G3:G110,"In Progress") -> 0 | F10: =COUNTIFS('Controls Tracker'!B3:B110,"Cybersecurity Governance",'Controls Tracker'!G3:G110,"Not Started") -> 35 | G10: =COUNTIFS('Controls Tracker'!B3:B110,"Cybersecurity Governance",'Controls Tracker'!G3:G110,"Not Applicable") -> 0 | H10: =IF(C10=0,0,D10/C10) -> 0 | I10: =1-H10 -> 1
A11: Domain 2 | B11: Cybersecurity Defense | C11: =COUNTIF('Controls Tracker'!B3:B110,"Cybersecurity Defense") -> 61 | D11: =COUNTIFS('Controls Tracker'!B3:B110,"Cybersecurity Defense",'Controls Tracker'!G3:G110,"Implemented") -> 0 | E11: =COUNTIFS('Controls Tracker'!B3:B110,"Cybersecurity Defense",'Controls Tracker'!G3:G110,"In Progress") -> 0 | F11: =COUNTIFS('Controls Tracker'!B3:B110,"Cybersecurity Defense",'Controls Tracker'!G3:G110,"Not Started") -> 61 | G11: =COUNTIFS('Controls Tracker'!B3:B110,"Cybersecurity Defense",'Controls Tracker'!G3:G110,"Not Applicable") -> 0 | H11: =IF(C11=0,0,D11/C11) -> 0 | I11: =1-H11 -> 1
A12: Domain 3 | B12: Cybersecurity Resilience | C12: =COUNTIF('Controls Tracker'!B3:B110,"Cybersecurity Resilience") -> 4 | D12: =COUNTIFS('Controls Tracker'!B3:B110,"Cybersecurity Resilience",'Controls Tracker'!G3:G110,"Implemented") -> 0 | E12: =COUNTIFS('Controls Tracker'!B3:B110,"Cybersecurity Resilience",'Controls Tracker'!G3:G110,"In Progress") -> 0 | F12: =COUNTIFS('Controls Tracker'!B3:B110,"Cybersecurity Resilience",'Controls Tracker'!G3:G110,"Not Started") -> 4 | G12: =COUNTIFS('Controls Tracker'!B3:B110,"Cybersecurity Resilience",'Controls Tracker'!G3:G110,"Not Applicable") -> 0 | H12: =IF(C12=0,0,D12/C12) -> 0 | I12: =1-H12 -> 1
A13: Domain 4 | B13: Third-Party & Cloud Computing CS | C13: =COUNTIF('Controls Tracker'!B3:B110,"Third-Party & Cloud Computing CS") -> 8 | D13: =COUNTIFS('Controls Tracker'!B3:B110,"Third-Party & Cloud Computing CS",'Controls Tracker'!G3:G110,"Implemented") -> 0 | E13: =COUNTIFS('Controls Tracker'!B3:B110,"Third-Party & Cloud Computing CS",'Controls Tracker'!G3:G110,"In Progress") -> 0 | F13: =COUNTIFS('Controls Tracker'!B3:B110,"Third-Party & Cloud Computing CS",'Controls Tracker'!G3:G110,"Not Started") -> 8 | G13: =COUNTIFS('Controls Tracker'!B3:B110,"Third-Party & Cloud Computing CS",'Controls Tracker'!G3:G110,"Not Applicable") -> 0 | H13: =IF(C13=0,0,D13/C13) -> 0 | I13: =1-H13 -> 1
B14: TOTAL | C14: =SUM(C10:C13) -> 108 | D14: =SUM(D10:D13) -> 0 | E14: =SUM(E10:E13) -> 0 | F14: =SUM(F10:F13) -> 108 | G14: =SUM(G10:G13) -> 0 | H14: =IF(C14=0,0,D14/C14) -> 0 | I14: =1-H14 -> 1

Sheet Controls Tracker
A1: NCA ECC-2:2024 — Full Controls Register & Compliance Tracker
A2: # | B2: Domain | C2: Subdomain ID | D2: Subdomain | E2: Control ID | F2: Control Description | G2: Status | H2: Evidence / Notes | I2: Owner | J2: Target Date | K2: Evidence Guidance
A3: 1 | B3: Cybersecurity Governance | C3: 1-1 | D3: Cybersecurity Strategy | E3: 1-1-1 | F3: The cybersecurity strategy shall be identified, documented, and approved, supported by the Authorized Official. | G3: Not Started | K3: Approved CS strategy document, strategy review meeting minutes, alignment matrix with NCA regulations
A4: 2 | B4: Cybersecurity Governance | C4: 1-1 | D4: Cybersecurity Strategy | E4: 1-1-2 | F4: The entity shall execute an action plan to apply the cybersecurity strategy. | G4: Not Started | K4: Approved CS strategy document, strategy review meeting minutes, alignment matrix with NCA regulations
A5: 3 | B5: Cybersecurity Governance | C5: 1-1 | D5: Cybersecurity Strategy | E5: 1-1-3 | F5: The cybersecurity strategy shall be reviewed at planned intervals. | G5: Not Started | K5: Approved CS strategy document, strategy review meeting minutes, alignment matrix with NCA regulations
A6: 4 | B6: Cybersecurity Governance | C6: 1-2 | D6: Cybersecurity Management | E6: 1-2-1 | F6: A department for cybersecurity shall be established, independent from IT/Communications. | G6: Not Started | K6: CS department org chart, CISO appointment letter, committee charter/minutes, Saudi staffing records
A7: 5 | B7: Cybersecurity Governance | C7: 1-2 | D7: Cybersecurity Management | E7: 1-2-2 | F7: All cybersecurity positions shall be filled with full-time qualified Saudi professionals. | G7: Not Started | K7: CS department org chart, CISO appointment letter, committee charter/minutes, Saudi staffing records
A8: 6 | B8: Cybersecurity Governance | C8: 1-2 | D8: Cybersecurity Management | E8: 1-2-3 | F8: A cybersecurity supervisory committee shall be established. | G8: Not Started | K8: CS department org chart, CISO appointment letter, committee charter/minutes, Saudi staffing records
A9: 7 | B9: Cybersecurity Governance | C9: 1-3 | D9: CS Policies and Procedures | E9: 1-3-1 | F9: Identify, document, and approve cybersecurity policies/procedures and communicate to relevant personnel. | G9: Not Started | K9: Approved CS policy set, technical security standards (firewall/DB/OS baselines), acknowledgment records
A10: 8 | B10: Cybersecurity Governance | C10: 1-3 | D10: CS Policies and Procedures | E10: 1-3-2 | F10: Ensure cybersecurity policies and procedures are implemented. | G10: Not Started | K10: Approved CS policy set, technical security standards (firewall/DB/OS baselines), acknowledgment records
A11: 9 | B11: Cybersecurity Governance | C11: 1-3 | D11: CS Policies and Procedures | E11: 1-3-3 | F11: CS policies shall be supported by technical security standards. | G11: Not Started | K11: Approved CS policy set, technical security standards (firewall/DB/OS baselines), acknowledgment records
A12: 10 | B12: Cybersecurity Governance | C12: 1-3 | D12: CS Policies and Procedures | E12: 1-3-4 | F12: Review and update CS policies at planned intervals. Document and approve changes. | G12: Not Started | K12: Approved CS policy set, technical security standards (firewall/DB/OS baselines), acknowledgment records
A13: 11 | B13: Cybersecurity Governance | C13: 1-4 | D13: CS Roles and Responsibilities | E13: 1-4-1 | F13: Identify, document, and approve governance structure, roles, and responsibilities for CS. | G13: Not Started | K13: RACI matrix, role descriptions, appointment letters, org structure chart
A14: 12 | B14: Cybersecurity Governance | C14: 1-4 | D14: CS Roles and Responsibilities | E14: 1-4-2 | F14: Review and update CS roles and responsibilities at planned intervals. | G14: Not Started | K14: RACI matrix, role descriptions, appointment letters, org structure chart
... A110: 108 | B110: Third-Party & Cloud Computing CS | C110: 4-2 | D110: Cloud Computing and Hosting CS | E110: 4-2-4 | F110: Periodically review CS requirements for cloud and hosting. | G110: Not Started | K110: Cloud CS policy, CSP security assessment, tenant isolation, data return clauses, CSP certs

Sheet Charts
A1: NCA ECC-2:2024 — Dynamic Compliance Charts
A2: ⚡ Charts update automatically when you change control statuses in the Controls Tracker
A4: Status | B4: Count | D4: Domain | E4: Implemented | F4: In Progress | G4: Not Started | I4: Domain | J4: Compliance %
A5: Implemented | B5: =COUNTIF('Controls Tracker'!G3:G110,"Implemented") -> 0 | D5: Governance | E5: =COUNTIFS('Controls Tracker'!B3:B110,"Cybersecurity Governance",'Controls Tracker'!G3:G110,"Implemented") -> 0 | F5: =COUNTIFS('Controls Tracker'!B3:B110,"Cybersecurity Governance",'Controls Tracker'!G3:G110,"In Progress") -> 0 | G5: =COUNTIFS('Controls Tracker'!B3:B110,"Cybersecurity Governance",'Controls Tracker'!G3:G110,"Not Started") -> 35 | I5: Governance | J5: =IF(COUNTIF('Controls Tracker'!B3:B110,"Cybersecurity Governance")=0,0,COUNTIFS('Controls Tracker'!B3:B110,"Cybersecurity Governance",'Controls Tracker'!G3:G110,"Implemented")/COUNTIF('Controls Tracker'!B3:B110,"Cybersecurity Governance")) -> 0
A6: In Progress | B6: =COUNTIF('Controls Tracker'!G3:G110,"In Progress") -> 0 | D6: Defense | E6: =COUNTIFS('Controls Tracker'!B3:B110,"Cybersecurity Defense",'Controls Tracker'!G3:G110,"Implemented") -> 0 | F6: =COUNTIFS('Controls Tracker'!B3:B110,"Cybersecurity Defense",'Controls Tracker'!G3:G110,"In Progress") -> 0 | G6: =COUNTIFS('Controls Tracker'!B3:B110,"Cybersecurity Defense",'Controls Tracker'!G3:G110,"Not Started") -> 61 | I6: Defense | J6: =IF(COUNTIF('Controls Tracker'!B3:B110,"Cybersecurity Defense")=0,0,COUNTIFS('Controls Tracker'!B3:B110,"Cybersecurity Defense",'Controls Tracker'!G3:G110,"Implemented")/COUNTIF('Controls Tracker'!B3:B110,"Cybersecurity Defense")) -> 0
A7: Not Started | B7: =COUNTIF('Controls Tracker'!G3:G110,"Not Started") -> 108 | D7: Resilience | E7: =COUNTIFS('Controls Tracker'!B3:B110,"Cybersecurity Resilience",'Controls Tracker'!G3:G110,"Implemented") -> 0 | F7: =COUNTIFS('Controls Tracker'!B3:B110,"Cybersecurity Resilience",'Controls Tracker'!G3:G110,"In Progress") -> 0 | G7: =COUNTIFS('Controls Tracker'!B3:B110,"Cybersecurity Resilience",'Controls Tracker'!G3:G110,"Not Started") -> 4 | I7: Resilience | J7: =IF(COUNTIF('Controls Tracker'!B3:B110,"Cybersecurity Resilience")=0,0,COUNTIFS('Controls Tracker'!B3:B110,"Cybersecurity Resilience",'Controls Tracker'!G3:G110,"Implemented")/COUNTIF('Controls Tracker'!B3:B110,"Cybersecurity Resilience")) -> 0
A8: Not Applicable | B8: =COUNTIF('Controls Tracker'!G3:G110,"Not Applicable") -> 0 | D8: 3rd Party & Cloud | E8: =COUNTIFS('Controls Tracker'!B3:B110,"Third-Party & Cloud Computing CS",'Controls Tracker'!G3:G110,"Implemented") -> 0 | F8: =COUNTIFS('Controls Tracker'!B3:B110,"Third-Party & Cloud Computing CS",'Controls Tracker'!G3:G110,"In Progress") -> 0 | G8: =COUNTIFS('Controls Tracker'!B3:B110,"Third-Party & Cloud Computing CS",'Controls Tracker'!G3:G110,"Not Started") -> 8 | I8: 3rd Party & Cloud | J8: =IF(COUNTIF('Controls Tracker'!B3:B110,"Third-Party & Cloud Computing CS")=0,0,COUNTIFS('Controls Tracker'!B3:B110,"Third-Party & Cloud Computing CS",'Controls Tracker'!G3:G110,"Implemented")/COUNTIF('Controls Tracker'!B3:B110,"Third-Party & Cloud Computing CS")) -> 0
